"imdb","trakt","watched_at","title"
"tt2986512","180169","2024-04-22T20:45:00.000Z","Doctor Who: The Time of the Doctor"
"tt8695030","387368","2024-04-20T04:45:36.000Z","The Dead Don't Die"
"tt0481141","2313","2024-04-10T13:21:57.000Z","No Reservations"
"tt2708254","125635","2024-04-09T18:05:10.000Z","Life of a King"
"tt3385516","149999","2024-04-09T07:44:10.000Z","X-Men: Apocalypse"
"tt1939659","90598","2024-04-08T20:45:00.000Z","Carrie"
"tt26439204","894726","2024-04-08T13:45:00.000Z","Mercy"
"tt1403865","29981","2024-04-08T09:25:48.000Z","True Grit"
"tt1691917","99663","2024-04-07T11:17:00.000Z","Planes"
"tt1853728","50131","2024-04-06T05:54:55.000Z","Django Unchained"
"tt10278930","456303","2024-04-06T01:20:22.000Z","Divaldo: O Mensageiro da Paz"
"tt1959490","65316","2024-04-05T13:53:13.000Z","Noah"
"tt0411477","6375","2024-04-05T04:11:03.000Z","Hellboy II: The Golden Army"
"tt0167190","981","2024-04-05T01:45:00.000Z","Hellboy"
"tt5834426","250807","2024-04-04T17:03:36.000Z","Moonfall"
"tt8179388","383277","2024-04-02T06:33:15.000Z","Rim of the World"
"tt2241351","209935","2024-04-01T08:44:47.000Z","Money Monster"
"tt0360486","442","2024-04-01T02:19:54.000Z","Constantine"
"tt2231253","163882","2024-03-30T21:52:02.000Z","Wild Card"
"tt0119123","8580","2024-03-30T08:33:43.000Z","Fire Down Below"
"tt1078588","5249","2024-03-25T02:50:00.000Z","My Sister's Keeper"
"tt4320900","139448","2024-03-22T19:50:49.000Z","Os Caras de Pau em O Misterioso Roubo do Anel"
"tt2274648","303043","2024-03-22T01:49:00.000Z","Hellboy"
"tt0216216","4209","2024-03-21T06:30:00.000Z","The 6th Day"
"tt8743064","430902","2024-03-20T23:31:26.000Z","See You Yesterday"
"tt2436386","139232","2024-03-20T20:44:26.000Z","Project Almanac"
"tt1766094","69005","2024-03-20T07:19:44.000Z","So Undercover"
"tt1129442","7869","2024-03-19T23:01:06.000Z","Transporter 3"
"tt0388482","4629","2024-03-19T07:06:49.000Z","Transporter 2"
"tt0293662","2427","2024-03-19T04:31:58.000Z","The Transporter"
"tt1928330","69223","2024-03-18T23:22:25.000Z","Bad Ass"
"tt4916630","370437","2024-03-18T18:16:16.000Z","Just Mercy"
"tt14060094","656669","2024-03-14T02:54:13.000Z","Blacklight"
"tt6565702","200946","2024-03-11T16:49:55.000Z","Dark Phoenix"
"tt3860916","287098","2024-03-11T02:24:10.000Z","Cargo"
"tt2167202","96794","2024-03-10T03:27:24.000Z","Getaway"
"tt6850820","305444","2024-03-07T04:18:00.000Z","Peppermint"
"tt2123516","246874","2024-03-06T08:58:20.000Z","Ben 10/Generator Rex: Heroes United"
"tt2401807","147585","2024-03-04T20:09:29.000Z","Rage"
"tt5533370","303411","2024-03-04T19:17:30.000Z","Lamborghini: The Man Behind the Legend"
"tt0175142","2494","2024-03-04T17:08:03.000Z","Scary Movie"
"tt15314262","692878","2024-03-01T18:22:34.000Z","The Beekeeper"
"tt0257909","35884","2024-02-29T01:30:00.000Z","The Nutty Boy"
"tt2503944","196651","2024-02-28T13:38:34.000Z","Burnt"
"tt0091042","4667","2024-02-28T10:39:00.000Z","Ferris Bueller's Day Off"
"tt0439547","34372","2024-02-28T04:15:00.000Z","Two Sons of Francisco"
"tt0118928","4895","2024-02-28T04:00:00.000Z","Dante's Peak"
"tt0167404","590","2024-02-27T12:13:05.000Z","The Sixth Sense"
"tt1731701","150911","2024-02-26T18:19:13.000Z","Barely Lethal"
"tt5648882","601757","2024-02-25T21:23:27.000Z","The Burial"
"tt0102940","13340","2024-02-23T21:03:00.000Z","Ski School"
"tt0328107","4789","2024-02-23T19:45:00.000Z","Man on Fire"
"tt0469641","1232","2024-02-23T11:11:46.000Z","World Trade Center"
"tt0099938","791","2024-02-23T05:07:08.000Z","Kindergarten Cop"
"tt0216216","4209","2024-02-23T05:06:04.000Z","The 6th Day"
"tt2243537","93261","2024-02-23T03:58:29.000Z","A Haunted House"
"tt1690953","68817","2024-02-23T03:03:57.000Z","Despicable Me 2"
"tt1323594","12496","2024-02-23T03:03:51.000Z","Despicable Me"
"tt5827790","435764","2024-02-21T22:33:02.000Z","Unknown Origins"
"tt1502712","106666","2024-02-21T11:02:20.000Z","Fantastic Four"
"tt5884234","283246","2024-02-21T11:01:35.000Z","First Kill"
"tt4993964","262051","2024-02-21T11:00:54.000Z","Full Speed"
"tt2167202","96794","2024-02-21T11:00:27.000Z","Getaway"
"tt3741700","240099","2024-02-21T11:00:06.000Z","Godzilla: King of the Monsters"
"tt0831387","85943","2024-02-21T10:59:05.000Z","Godzilla"
"tt1051904","157174","2024-02-21T10:58:07.000Z","Goosebumps"
"tt3173594","258420","2024-02-21T10:56:34.000Z","Hacker"
"tt2967224","167184","2024-02-21T10:53:48.000Z","Hot Pursuit"
"tt3212232","213275","2024-02-21T10:49:37.000Z","I Am Wrath"
"tt2106361","133473","2024-02-21T10:47:57.000Z","Into the Storm"
"tt2467046","134366","2024-02-21T10:46:24.000Z","Left Behind"
"tt1924435","121049","2024-02-21T10:45:16.000Z","Let's Be Cops"
"tt7601480","379309","2024-02-21T10:44:45.000Z","Major Grom: Plague Doctor"
"tt1472584","183704","2024-02-21T10:44:32.000Z","Max Steel"
"tt2674426","204300","2024-02-21T10:44:14.000Z","Me Before You"
"tt4572514","230554","2024-02-21T10:28:25.000Z","Patriots Day"
"tt6850820","305444","2024-02-21T10:26:29.000Z","Peppermint"
"tt2980706","134783","2024-02-21T10:25:47.000Z","Planes: Fire & Rescue"
"tt1691917","99663","2024-02-21T10:25:43.000Z","Planes"
"tt2472432","120741","2024-02-21T10:24:25.000Z","Regret!"
"tt4154916","237986","2024-02-21T10:24:01.000Z","Replicas"
"tt1702439","79287","2024-02-21T10:23:00.000Z","Safe Haven"
"tt1291570","219987","2024-02-21T10:19:08.000Z","Solace"
"tt2103254","138570","2024-02-21T10:10:01.000Z","Tammy"
"tt4281724","265374","2024-02-21T10:09:35.000Z","Terrifier"
"tt5866930","299095","2024-02-21T10:09:15.000Z","The Adventurers"
"tt7816392","373979","2024-02-21T10:07:38.000Z","The Bouncer"
"tt8695030","387368","2024-02-21T10:05:21.000Z","The Dead Don't Die"
"tt4073790","292416","2024-02-21T10:05:01.000Z","The Darkest Minds"
"tt2582846","136907","2024-02-21T10:03:58.000Z","The Fault in Our Stars"
"tt1979388","75285","2024-02-21T10:03:13.000Z","The Good Dinosaur"
"tt9421570","417262","2024-02-21T10:02:55.000Z","The Guilty"
"tt2404463","92061","2024-02-21T10:02:37.000Z","The Heat"
"tt5360952","273865","2024-02-21T10:02:01.000Z","The Hurricane Heist"
"tt4500922","217461","2024-02-21T10:00:25.000Z","Maze Runner: The Death Cure"
"tt4046784","190987","2024-02-21T10:00:22.000Z","Maze Runner: The Scorch Trials"
"tt1790864","124008","2024-02-21T10:00:10.000Z","The Maze Runner"
"tt4682266","233766","2024-02-21T09:59:41.000Z","The New Mutants"
"tt2334879","81739","2024-02-21T09:54:37.000Z","White House Down"
"tt1766094","69005","2024-02-21T09:53:07.000Z","So Undercover"
"tt1772341","61864","2024-02-21T09:52:14.000Z","Wreck-It Ralph"
"tt1327194","57603","2024-02-21T09:49:09.000Z","The Lucky One"
"tt1549920","56612","2024-02-21T09:48:08.000Z","The Last Stand"
"tt1599348","42891","2024-02-21T09:44:01.000Z","Safe House"
"tt1568911","40845","2024-02-21T09:43:17.000Z","War Horse"
"tt0760329","38461","2024-02-21T09:40:22.000Z","The Water Horse"
"tt1403865","29981","2024-02-21T09:36:58.000Z","True Grit"
"tt0464154","29357","2024-02-21T09:36:30.000Z","Piranha 3D"
"tt0472181","27476","2024-02-21T09:36:07.000Z","The Smurfs"
"tt0990407","26876","2024-02-21T09:35:40.000Z","The Green Hornet"
"tt10345590","479845","2024-02-21T09:08:11.000Z","How I Became a Superhero"
"tt14001894","627015","2024-02-21T08:24:00.000Z","Secret Headquarters"
"tt6811018","301912","2024-02-21T06:52:54.000Z","The Kid Who Would Be King"
"tt1013743","24307","2024-02-21T06:51:26.000Z","Knight and Day"
"tt0485976","15541","2024-02-21T06:50:02.000Z","Robin-B-Hood"
"tt1197624","13852","2024-02-21T06:49:19.000Z","Law Abiding Citizen"
"tt1331335","13366","2024-02-21T06:48:56.000Z","Wyvern"
"tt0955308","12693","2024-02-21T06:48:29.000Z","Robin Hood"
"tt0359517","11746","2024-02-21T06:48:04.000Z","Johnson Family Vacation"
"tt0361748","10322","2024-02-21T06:46:51.000Z","Inglourious Basterds"
"tt0424774","8506","2024-02-21T06:45:50.000Z","The Adventures of Sharkboy and Lavagirl"
"tt0381707","7068","2024-02-21T06:40:51.000Z","White Chicks"
"tt0345950","6859","2024-02-21T06:40:30.000Z","The SpongeBob SquarePants Movie"
"tt0425061","6739","2024-02-21T06:40:04.000Z","Get Smart"
"tt0120917","6761","2024-02-21T06:39:55.000Z","The Emperor's New Groove"
"tt1415283","22322","2024-02-21T06:39:08.000Z","Nanny McPhee and the Big Bang"
"tt0396752","6386","2024-02-21T06:39:02.000Z","Nanny McPhee"
"tt0271668","6215","2024-02-21T06:38:33.000Z","National Security"
"tt0097637","5543","2024-02-21T06:38:02.000Z","K-9"
"tt0358082","5161","2024-02-21T06:36:56.000Z","Robots"
"tt0366548","5091","2024-02-21T06:36:20.000Z","Happy Feet"
"tt0096320","4776","2024-02-21T06:35:23.000Z","Twins"
"tt1517489","40104","2024-02-21T06:35:00.000Z","Spy Kids: All the Time in the World"
"tt0338459","7174","2024-02-21T06:34:58.000Z","Spy Kids 3-D: Game Over"
"tt0227538","5277","2024-02-21T06:34:53.000Z","Spy Kids"
"tt0287717","4772","2024-02-21T06:34:45.000Z","Spy Kids 2: The Island of Lost Dreams"
"tt0251075","4686","2024-02-21T06:34:27.000Z","Evolution"
"tt0425123","4465","2024-02-21T06:32:03.000Z","Just Like Heaven"
"tt0455499","4793","2024-02-21T06:31:35.000Z","Garfield: A Tail of Two Kitties"
"tt0356634","4398","2024-02-21T06:31:10.000Z","Garfield"
"tt0149261","4395","2024-02-21T06:31:00.000Z","Deep Blue Sea"
"tt0110216","3564","2024-02-21T06:29:22.000Z","Junior"
"tt0884328","3345","2024-02-21T06:28:50.000Z","The Mist"
"tt0762107","2276","2024-02-21T06:28:02.000Z","I Now Pronounce You Chuck & Larry"
"tt0105417","1366","2024-02-21T06:27:16.000Z","Sister Act"
"tt0411477","6375","2024-02-21T06:25:27.000Z","Hellboy II: The Golden Army"
"tt0167190","981","2024-02-21T06:25:08.000Z","Hellboy"
"tt0453451","882","2024-02-21T06:24:39.000Z","Mr. Bean's Holiday"
"tt0396555","881","2024-02-21T06:24:22.000Z","Meet the Robinsons"
"tt0083866","479","2024-02-21T06:23:22.000Z","E.T. the Extra-Terrestrial"
"tt0892782","9437","2024-02-21T06:23:06.000Z","Monsters vs Aliens"
"tt0458352","297","2024-02-21T06:21:26.000Z","The Devil Wears Prada"
"tt0119643","250","2024-02-21T06:21:06.000Z","Meet Joe Black"
"tt0407304","44","2024-02-21T06:20:05.000Z","War of the Worlds"
"tt0462538","28","2024-02-21T06:19:35.000Z","The Simpsons Movie"
"tt8743064","430902","2024-02-21T06:18:45.000Z","See You Yesterday"
"tt7550000","449866","2024-02-21T06:17:33.000Z","Project Power"
"tt10121392","458708","2024-02-21T06:16:07.000Z","Thunder Force"
"tt8228288","464098","2024-02-21T06:15:32.000Z","The Platform"
"tt13375076","597552","2024-02-21T06:09:23.000Z","The Pope's Exorcist"
"tt9098454","639857","2024-02-21T05:47:38.000Z","The Girl Who Believes in Miracles"
"tt6856242","324048","2024-02-20T11:40:50.000Z","The King's Man"
"tt1542768","219858","2024-02-20T04:42:59.000Z","True Memoirs of an International Assassin"
"tt1114740","8775","2024-02-20T04:41:31.000Z","Paul Blart: Mall Cop"
"tt2145829","146680","2024-02-18T16:30:00.000Z","Robot Overlords"
"tt0337978","1028","2024-02-18T07:44:24.000Z","Live Free or Die Hard"
"tt0099739","4847","2024-02-18T07:43:45.000Z","Hard to Kill"
"tt0988045","5706","2024-02-17T09:23:37.000Z","Sherlock Holmes"
"tt0439572","195144","2024-02-16T06:00:23.000Z","The Flash"
"tt0427392","2826","2024-02-16T05:31:00.000Z","The Invasion"
"tt10208198","430270","2024-02-16T01:03:14.000Z","The Gangster, the Cop, the Devil"
"tt0327850","5375","2024-02-16T00:33:50.000Z","The Rundown"
"tt7903530","389613","2024-02-16T00:33:01.000Z","We Die Young"
"tt8179388","383277","2024-02-16T00:31:37.000Z","Rim of the World"
"tt5254610","266172","2024-02-16T00:28:39.000Z","Final Score"
"tt4225622","276945","2024-02-16T00:28:18.000Z","The Babysitter"
"tt1855199","56931","2024-02-16T00:24:47.000Z","End of Watch"
"tt1579223","53297","2024-02-16T00:24:12.000Z","Federal Bank Heist"
"tt0122718","6632","2024-02-16T00:21:58.000Z","Small Soldiers"
"tt0486946","6325","2024-02-16T00:21:39.000Z","Wild Hogs"
"tt0385880","4597","2024-02-16T00:21:17.000Z","Monster House"
"tt0116705","4579","2024-02-16T00:21:01.000Z","Jingle All the Way"
"tt0427392","2826","2024-02-16T00:20:07.000Z","The Invasion"
"tt0312004","416","2024-02-16T00:19:13.000Z","Wallace & Gromit: The Curse of the Were-Rabbit"
"tt1137450","238823","2024-02-15T20:48:16.000Z","Death Wish"
"tt0806203","15613","2024-02-13T07:23:22.000Z","Carriers"
"tt1100119","15178","2024-02-12T17:24:53.000Z","Shorts"
"tt1588173","61834","2024-02-12T06:10:00.000Z","Warm Bodies"
"tt1636826","40847","2024-02-12T03:12:19.000Z","Project X"
"tt2126235","122105","2024-02-10T03:35:04.000Z","Collide"
"tt1935194","249282","2024-02-10T02:30:37.000Z","Overdrive"
"tt1100119","15178","2024-02-09T05:49:20.000Z","Shorts"
"tt0103855","495","2024-02-09T04:00:03.000Z","The Bodyguard"
"tt0099653","209","2024-02-09T03:58:15.000Z","Ghost"
"tt0499097","416763","2024-02-08T00:52:35.000Z","Tom Clancy's Without Remorse"
"tt10676048","454832","2024-02-07T23:30:00.000Z","The Marvels"
"tt1981115","56358","2024-02-07T18:43:09.000Z","Thor: The Dark World"
"tt0800369","5408","2024-02-07T18:42:50.000Z","Thor"
"tt6259380","308302","2024-02-06T17:28:20.000Z","Code 8"
"tt0095882","6849","2024-02-06T04:38:31.000Z","Police Academy 5: Assignment Miami Beach"
"tt0093756","5764","2024-02-06T04:38:22.000Z","Police Academy 4: Citizens on Patrol"
"tt0091777","7036","2024-02-06T04:38:06.000Z","Police Academy 3: Back in Training"
"tt0089822","5373","2024-02-06T01:43:30.000Z","Police Academy 2: Their First Assignment"
"tt0087928","4630","2024-02-06T01:43:19.000Z","Police Academy"
"tt1767354","113438","2024-02-05T06:50:53.000Z","Odd Thomas"
"tt15799866","715473","2024-02-05T02:26:33.000Z","Silent Night"
"tt1907668","65754","2024-02-04T23:15:00.000Z","Flight"
"tt0486576","1343","2024-02-03T20:24:00.000Z","Fantastic Four: Rise of the Silver Surfer"
"tt1675434","57181","2024-02-02T21:26:46.000Z","The Intouchables"
"tt0319262","346","2024-02-02T18:11:18.000Z","The Day After Tomorrow"
"tt17663876","753681","2024-02-01T23:57:02.000Z","Muzzle"
"tt0293564","3013","2024-02-01T02:29:00.000Z","Rush Hour 3"
"tt0266915","3014","2024-01-31T19:35:37.000Z","Rush Hour 2"
"tt0266915","3014","2024-01-31T19:35:27.000Z","Rush Hour 2"
"tt10345590","479845","2024-01-31T19:25:00.000Z","How I Became a Superhero"
"tt2401807","147585","2024-01-31T15:45:00.000Z","Rage"
"tt2123516","246874","2024-01-31T10:00:00.000Z","Ben 10/Generator Rex: Heroes United"
"tt1727770","65313","2024-01-31T04:06:42.000Z","Absolutely Anything"
"tt2274648","303043","2024-01-31T00:03:00.000Z","Hellboy"
"tt2869728","204307","2024-01-30T11:48:27.000Z","Ride Along 2"
"tt1408253","107707","2024-01-30T11:48:03.000Z","Ride Along"
"tt0120812","1458","2024-01-30T05:50:12.000Z","Rush Hour"
"tt2084970","127828","2024-01-29T18:38:28.000Z","The Imitation Game"
"tt6166392","624003","2024-01-28T12:38:19.000Z","Wonka"
"tt2088003","140487","2024-01-28T04:22:12.000Z","Big Game"
"tt0257076","4557","2024-01-28T04:21:57.000Z","S.W.A.T."
"tt0393162","3837","2024-01-28T04:21:42.000Z","Coach Carter"
"tt1860353","57660","2024-01-28T04:21:31.000Z","Turbo"
"tt3606756","159626","2024-01-28T04:21:19.000Z","Incredibles 2"
"tt0120749","4329","2024-01-28T04:19:50.000Z","Mercury Rising"
"tt0327084","3942","2024-01-28T04:19:15.000Z","Over the Hedge"
"tt0106856","23678","2024-01-27T19:16:35.000Z","Falling Down"
"tt0963966","16529","2024-01-27T03:31:06.000Z","The Sorcerer's Apprentice"
"tt1704614","53169","2024-01-24T00:44:47.000Z","Marley & Me: The Puppy Years"
"tt0822832","8594","2024-01-24T00:44:07.000Z","Marley & Me"
"tt0777210","463412","2024-01-22T19:03:44.000Z","Doctor Who: Attack of the Graske"
"tt6968542","367880","2024-01-22T19:03:04.000Z","Doctor Who: Twice Upon a Time"
"tt5163494","497427","2024-01-22T19:02:52.000Z","Doctor Who: The Return of Doctor Mysterio"
"tt4701546","224550","2024-01-22T19:02:38.000Z","Doctor Who: The Husbands of River Song"
"tt4050552","812729","2024-01-22T19:02:28.000Z","Doctor Who: Last Christmas"
"tt2986512","180169","2024-01-22T19:02:16.000Z","Doctor Who: The Time of the Doctor"
"tt2380513","812680","2024-01-22T19:01:21.000Z","Doctor Who: The Snowmen"
"tt1998643","196338","2024-01-22T19:01:04.000Z","Doctor Who: The Doctor, the Widow and the Wardrobe"
"tt1672218","196335","2024-01-22T19:00:45.000Z","Doctor Who: A Christmas Carol"
"tt1415017","949177","2024-01-22T19:00:23.000Z","Doctor Who Special: The End of Time [Part 2]"
"tt1415016","947528","2024-01-22T19:00:19.000Z","Doctor Who Special: The End of Time [Part 1]"
"tt1413314","179355","2024-01-22T19:00:07.000Z","Doctor Who: The Waters of Mars"
"tt1337072","180277","2024-01-22T18:59:47.000Z","Doctor Who: Planet of the Dead"
"tt1321969","198023","2024-01-22T18:58:38.000Z","Doctor Who: The Next Doctor"
"tt1061123","216117","2024-01-22T18:57:45.000Z","Doctor Who: Voyage of the Damned"
"tt0827573","180085","2024-01-22T18:57:18.000Z","Doctor Who: The Runaway Bride"
"tt2779318","179468","2024-01-22T18:31:32.000Z","Doctor Who: The Day of the Doctor"
"tt1588173","61834","2024-01-22T18:29:29.000Z","Warm Bodies"
"tt1464540","31930","2024-01-22T18:17:37.000Z","I Am Number Four"
"tt2145829","146680","2024-01-22T18:17:12.000Z","Robot Overlords"
"tt1731141","59753","2024-01-22T18:16:15.000Z","Ender's Game"
"tt0944835","16981","2024-01-22T18:14:41.000Z","Salt"
"tt7533152","338532","2024-01-22T18:14:02.000Z","The Boy Who Harnessed the Wind"
"tt3532216","217731","2024-01-22T02:53:36.000Z","American Made"
"tt0476995","5324","2024-01-22T02:39:01.000Z","Firehouse Dog"
"tt0406375","3749","2024-01-22T02:38:31.000Z","Zathura: A Space Adventure"
"tt18083578","751911","2024-01-22T02:38:13.000Z","57 Seconds"
"tt8155288","359791","2024-01-22T00:21:28.000Z","Happy Death Day 2U"
"tt5308322","285894","2024-01-22T00:21:22.000Z","Happy Death Day"
"tt8116428","366235","2024-01-21T06:51:42.000Z","Along with the Gods: The Last 49 Days"
"tt5779372","386169","2024-01-21T02:10:58.000Z","An Interview with God"
"tt0429591","8498","2024-01-21T00:02:44.000Z","Aquamarine"
"tt1723121","93163","2024-01-21T00:02:21.000Z","We're the Millers"
"tt2345759","179407","2024-01-20T18:36:09.000Z","The Mummy"
"tt0859163","1164","2024-01-20T18:35:46.000Z","The Mummy: Tomb of the Dragon Emperor"
"tt0209163","1163","2024-01-20T18:35:37.000Z","The Mummy Returns"
"tt0120616","445","2024-01-20T18:35:24.000Z","The Mummy"
"tt0365748","592","2024-01-20T18:25:37.000Z","Shaun of the Dead"
"tt0092099","589","2024-01-20T17:44:35.000Z","Top Gun"
"tt0327597","8984","2024-01-20T17:44:08.000Z","Coraline"
"tt7991608","359731","2024-01-20T17:44:00.000Z","Red Notice"
"tt1560220","219433","2024-01-20T17:43:54.000Z","Zombieland: Double Tap"
"tt1156398","12222","2024-01-20T17:43:36.000Z","Zombieland"
"tt8367814","370883","2024-01-20T14:28:32.000Z","The Gentlemen"
"tt3707104","253194","2024-01-20T06:48:28.000Z","Mine"
"tt2283336","326808","2024-01-20T06:48:13.000Z","Men in Black: International"
"tt0489099","4088","2024-01-20T06:47:42.000Z","Jumper"
"tt0430304","4521","2024-01-20T06:45:07.000Z","Little Man"
"tt1872194","127824","2024-01-20T06:43:50.000Z","The Judge"
"tt1515091","41908","2024-01-20T06:43:39.000Z","Sherlock Holmes: A Game of Shadows"
"tt0988045","5706","2024-01-20T06:43:33.000Z","Sherlock Holmes"
"tt0130748","35213","2024-01-20T06:41:42.000Z","Guerra de Canudos"
"tt1959490","65316","2024-01-20T06:40:32.000Z","Noah"
"tt2369135","92062","2024-01-20T06:40:03.000Z","Need for Speed"
"tt0811080","3919","2024-01-20T06:39:48.000Z","Speed Racer"
"tt0111257","1083","2024-01-20T06:39:27.000Z","Speed"
"tt0373074","4756","2024-01-20T05:37:51.000Z","Kung Fu Hustle"
"tt3813310","194626","2024-01-20T05:32:51.000Z","Cop Car"
"tt0360486","442","2024-01-20T05:31:54.000Z","Constantine"
"tt6499752","347587","2024-01-20T05:29:42.000Z","Upgrade"
"tt1985966","77353","2024-01-20T05:28:05.000Z","Cloudy with a Chance of Meatballs 2"
"tt0844471","13845","2024-01-20T05:28:01.000Z","Cloudy with a Chance of Meatballs"
"tt1706593","56686","2024-01-20T05:27:42.000Z","Chronicle"
"tt0120630","3905","2024-01-20T05:26:41.000Z","Chicken Run"
"tt0371606","5209","2024-01-20T05:26:27.000Z","Chicken Little"
"tt0112642","4330","2024-01-20T05:24:29.000Z","Casper"
"tt0806203","15613","2024-01-20T05:24:13.000Z","Carriers"
"tt1535109","77333","2024-01-20T05:23:46.000Z","Captain Phillips"
"tt1939659","90598","2024-01-20T05:22:41.000Z","Carrie"
"tt0465925","5235","2024-01-20T05:20:26.000Z","Brother Bear 2"
"tt0328880","5234","2024-01-20T05:19:55.000Z","Brother Bear"
"tt0490822","6337","2024-01-20T05:15:28.000Z","Bring It On: All or Nothing"
"tt1135985","7978","2024-01-20T05:14:52.000Z","Sex Drive"
"tt0419946","4441","2024-01-20T05:14:26.000Z","The Marine"
"tt0398808","879","2024-01-20T05:13:00.000Z","Bridge to Terabithia"
"tt7083526","362857","2024-01-20T05:10:56.000Z","Breakthrough"
"tt1217209","44653","2024-01-20T05:10:27.000Z","Brave"
"tt0181316","6139","2024-01-20T05:10:05.000Z","Blue Streak"
"tt9362930","415437","2024-01-20T05:09:20.000Z","Blue Beetle"
"tt0450259","911","2024-01-20T05:08:44.000Z","Blood Diamond"
"tt21094994","815135","2024-01-20T05:03:23.000Z","R.I.P.D. 2: Rise of the Damned"
"tt0790736","34510","2024-01-20T05:03:21.000Z","R.I.P.D."
"tt0816711","53002","2024-01-20T04:56:37.000Z","World War Z"
"tt1276104","42897","2024-01-20T04:56:18.000Z","Looper"
"tt1979320","70421","2024-01-20T04:55:55.000Z","Rush"
"tt1241317","222668","2024-01-20T04:54:37.000Z","Death Note"
"tt1645080","46724","2024-01-20T04:44:23.000Z","The Art of Getting By"
"tt1872181","73293","2024-01-20T04:41:13.000Z","The Amazing Spider-Man 2"
"tt0948470","1302","2024-01-20T04:41:07.000Z","The Amazing Spider-Man"
"tt9397902","989198","2024-01-20T04:38:44.000Z","YouTube Rewind 2018: Everyone Controls Rewind"
"tt0120891","4224","2024-01-20T04:35:39.000Z","Wild Wild West"
"tt1025100","299929","2024-01-20T04:35:21.000Z","Gemini Man"
"tt5519340","264716","2024-01-20T04:35:13.000Z","Bright"
"tt0448157","4428","2024-01-20T04:35:08.000Z","Hancock"
"tt0343818","1406","2024-01-20T04:34:47.000Z","I, Robot"
"tt8664988","425631","2024-01-20T04:30:34.000Z","The Blackout"
"tt1646926","35873","2024-01-20T00:05:51.000Z","Open Season 3"
"tt1107365","8112","2024-01-20T00:05:36.000Z","Open Season 2"
"tt0400717","3924","2024-01-20T00:05:26.000Z","Open Season"
"tt2357129","80843","2024-01-20T00:05:06.000Z","Jobs"
"tt1103153","24298","2024-01-20T00:04:32.000Z","Killers"
"tt0770828","34507","2024-01-20T00:01:31.000Z","Man of Steel"
"tt1860242","347603","2024-01-20T00:01:13.000Z","The Highwaymen"
"tt0121164","2373","2024-01-19T23:58:04.000Z","Corpse Bride"
"tt2361509","156997","2024-01-19T23:46:37.000Z","The Intern"
"tt1219289","36449","2024-01-19T23:46:31.000Z","Limitless"
"tt0765476","6381","2024-01-19T23:44:50.000Z","Meet Dave"
"tt0462244","8465","2024-01-19T23:44:23.000Z","Daddy Day Camp"
"tt0317303","5878","2024-01-19T23:43:34.000Z","Daddy Day Care"
"tt0477051","5019","2024-01-19T23:43:28.000Z","Norbit"
"tt0117218","4624","2024-01-19T23:42:47.000Z","The Nutty Professor"
"tt0471042","42338","2024-01-19T23:42:41.000Z","Tower Heist"
"tt6802400","331914","2024-01-19T23:42:17.000Z","Coming 2 America"
"tt0094898","4878","2024-01-19T23:42:05.000Z","Coming to America"
"tt0106697","5005","2024-01-19T23:34:55.000Z","Demolition Man"
"tt6772804","327439","2024-01-19T23:34:46.000Z","Escape Plan: The Extractors"
"tt6513656","286243","2024-01-19T23:34:32.000Z","Escape Plan 2: Hades"
"tt1211956","76438","2024-01-19T23:34:15.000Z","Escape Plan"
"tt1343727","34095","2024-01-19T23:32:49.000Z","Dredd"
"tt6906292","600944","2024-01-19T23:31:08.000Z","Retribution"
"tt2199571","147225","2024-01-19T23:28:25.000Z","Run All Night"
"tt0429493","22059","2024-01-19T23:28:02.000Z","The A-Team"
"tt2024469","138149","2024-01-19T23:27:42.000Z","Non-Stop"
"tt0936501","4267","2024-01-19T23:27:31.000Z","Taken"
"tt1590193","242227","2024-01-19T23:26:27.000Z","The Commuter"
"tt1291150","71376","2024-01-19T13:04:52.000Z","Teenage Mutant Ninja Turtles"
"tt0409847","34777","2024-01-19T13:03:31.000Z","Cowboys & Aliens"
"tt1535108","50137","2024-01-19T04:51:11.000Z","Elysium"
"tt0775552","12796","2024-01-19T04:09:03.000Z","Aliens in the Attic"
"tt0280590","1383","2024-01-19T03:57:10.000Z","Mr. Deeds"
"tt0960144","5835","2024-01-19T03:56:49.000Z","You Don't Mess with the Zohan"
"tt0389860","4632","2024-01-19T03:56:05.000Z","Click"
"tt0331632","6161","2024-01-19T03:54:44.000Z","Scooby-Doo 2: Monsters Unleashed"
"tt0267913","4913","2024-01-19T03:54:00.000Z","Scooby-Doo"
"tt0497900","148269","2024-01-19T03:53:08.000Z","Didi, the Treasure Raider"
"tt0192612","87869","2024-01-19T03:52:18.000Z","Simão, o Fantasma Trapalhão"
"tt0419684","155635","2024-01-19T03:52:05.000Z","Didi Quer Ser Criança"
"tt0804540","1648","2024-01-19T02:58:28.000Z","Taxi 4"
"tt0295721","1647","2024-01-19T02:58:11.000Z","Taxi 3"
"tt0183869","1645","2024-01-19T02:58:03.000Z","Taxi 2"
"tt0152930","1643","2024-01-19T02:57:47.000Z","Taxi"
"tt0316732","6182","2024-01-19T02:57:20.000Z","Taxi"
"tt0416236","4072","2024-01-19T02:56:10.000Z","The Spiderwick Chronicles"
"tt0110989","6149","2024-01-19T02:32:27.000Z","Ri¢hie Ri¢h"
"tt1409024","27168","2024-01-19T02:31:26.000Z","Men in Black 3"
"tt0120912","486","2024-01-19T02:31:17.000Z","Men in Black II"
"tt0119654","485","2024-01-19T02:31:03.000Z","Men in Black"
"tt0107978","3140","2024-01-19T02:30:54.000Z","RoboCop 3"
"tt0100502","3139","2024-01-19T02:30:40.000Z","RoboCop 2"
"tt0093870","3138","2024-01-19T02:29:24.000Z","RoboCop"
"tt1234721","70554","2024-01-19T02:29:03.000Z","RoboCop"
"tt1656190","53166","2024-01-18T22:01:17.000Z","Safe"
"tt1121931","9155","2024-01-18T22:00:57.000Z","Crank: High Voltage"
"tt3807900","244446","2024-01-18T22:00:38.000Z","Death Race: Beyond Anarchy"
"tt1988591","101928","2024-01-18T22:00:31.000Z","Death Race: Inferno"
"tt1500491","36230","2024-01-18T22:00:24.000Z","Death Race 2"
"tt0452608","5666","2024-01-18T22:00:11.000Z","Death Race"
"tt2312718","127023","2024-01-18T21:59:59.000Z","Homefront"
"tt2333784","92802","2024-01-18T21:59:06.000Z","The Expendables 3"
"tt3079380","145711","2024-01-18T21:58:41.000Z","Spy"
"tt1424310","71377","2024-01-18T15:20:15.000Z","Chinese Zodiac"
"tt5813366","307812","2024-01-18T15:19:02.000Z","Bleeding Steel"
"tt1273678","14029","2024-01-18T15:18:43.000Z","The Spy Next Door"
"tt0290095","5933","2024-01-18T15:18:38.000Z","The Tuxedo"
"tt0327437","5416","2024-01-18T15:18:34.000Z","Around the World in 80 Days"
"tt0865556","1159","2024-01-18T15:18:29.000Z","The Forbidden Kingdom"
"tt0300471","3458","2024-01-18T15:18:13.000Z","Shanghai Knights"
"tt0184894","4240","2024-01-18T15:18:06.000Z","Shanghai Noon"
"tt1615160","225520","2024-01-18T15:17:59.000Z","The Foreigner"
"tt0120812","1458","2024-01-18T15:12:56.000Z","Rush Hour"
"tt1320354","21334","2024-01-18T15:11:43.000Z","Phantom Racer"
"tt1877832","87348","2024-01-18T14:54:23.000Z","X-Men: Days of Future Past"
"tt0118688","331","2024-01-18T14:54:13.000Z","Batman & Robin"
"tt0395699","5247","2024-01-18T14:50:04.000Z","The Pacifier"
"tt1634106","218815","2024-01-18T14:49:34.000Z","Bloodshot"
"tt1618442","172684","2024-01-18T14:49:30.000Z","The Last Witch Hunter"
"tt0436339","12051","2024-01-18T14:48:00.000Z","G-Force"
"tt0448011","8207","2024-01-18T14:47:14.000Z","Knowing"
"tt0963966","16529","2024-01-18T14:46:52.000Z","The Sorcerer's Apprentice"
"tt0117500","5061","2024-01-18T14:46:32.000Z","The Rock"
"tt0399295","1210","2024-01-18T14:46:12.000Z","Lord of War"
"tt0785006","9223","2024-01-18T08:27:57.000Z","Hotel for Dogs"
"tt2120120","157093","2024-01-18T08:26:10.000Z","Pixels"
"tt1059786","7597","2024-01-18T08:25:11.000Z","Eagle Eye"
"tt0433035","25482","2024-01-18T08:24:30.000Z","Real Steel"
"tt2692250","114222","2024-01-18T08:20:40.000Z","Night at the Museum: Secret of the Tomb"
"tt1078912","11228","2024-01-18T08:20:36.000Z","Night at the Museum: Battle of the Smithsonian"
"tt0477347","1048","2024-01-18T08:20:28.000Z","Night at the Museum"
"tt1396218","41645","2024-01-18T08:18:01.000Z","Mr. Popper's Penguins"
"tt0339291","6804","2024-01-18T08:17:50.000Z","Lemony Snicket's A Series of Unfortunate Events"
"tt0119528","1071","2024-01-18T08:17:38.000Z","Liar Liar"
"tt1068680","5414","2024-01-18T08:17:23.000Z","Yes Man"
"tt0170016","4355","2024-01-18T08:17:12.000Z","How the Grinch Stole Christmas"
"tt1250777","14160","2024-01-18T08:16:54.000Z","Kick-Ass"
"tt1650554","42809","2024-01-18T08:16:32.000Z","Kick-Ass 2"
"tt0362165","5426","2024-01-18T08:16:25.000Z","Son of the Mask"
"tt0110475","697","2024-01-18T08:15:58.000Z","The Mask"
"tt0315327","261","2024-01-18T08:15:35.000Z","Bruce Almighty"
"tt1821694","96790","2024-01-18T08:13:55.000Z","RED 2"
"tt0413099","1811","2024-01-18T08:13:08.000Z","Evan Almighty"
"tt0493464","4392","2024-01-18T08:12:47.000Z","Wanted"
"tt1245526","25704","2024-01-18T08:12:16.000Z","RED"
"tt2872732","146856","2024-01-18T08:12:00.000Z","Lucy"
"tt3541524","372635","2024-01-18T08:11:11.000Z","Line of Duty"
"tt1038919","16980","2024-01-18T08:06:43.000Z","The Bounty Hunter"
"tt1846589","292679","2024-01-18T08:06:24.000Z","Hunter Killer"
"tt7737786","372518","2024-01-18T08:05:44.000Z","Greenland"
"tt1259528","296164","2024-01-18T08:05:38.000Z","Den of Thieves"
"tt2302755","81746","2024-01-18T08:05:11.000Z","Olympus Has Fallen"
"tt3300542","166247","2024-01-18T08:05:01.000Z","London Has Fallen"
"tt1981128","172685","2024-01-18T08:04:47.000Z","Geostorm"
"tt0477080","29789","2024-01-18T08:02:14.000Z","Unstoppable"
"tt1907668","65754","2024-01-18T08:01:11.000Z","Flight"
"tt1111422","11323","2024-01-18T08:00:13.000Z","The Taking of Pelham 1 2 3"
"tt0945513","31151","2024-01-18T07:57:31.000Z","Source Code"
"tt1637688","34516","2024-01-18T07:56:00.000Z","In Time"
"tt14846026","671155","2024-01-18T07:43:59.000Z","Sisu"
"tt1951266","89543","2024-01-18T07:27:56.000Z","The Hunger Games: Mockingjay - Part 2"
"tt1951265","89542","2024-01-18T00:54:30.000Z","The Hunger Games: Mockingjay - Part 1"
"tt1951264","72719","2024-01-18T00:54:25.000Z","The Hunger Games: Catching Fire"
"tt1392170","51342","2024-01-18T00:54:20.000Z","The Hunger Games"
"tt15671028","708921","2024-01-17T05:50:00.000Z","No Hard Feelings"
"tt1696192","51482","2024-01-17T00:41:04.000Z","A Fairly Odd Movie: Grow Up, Timmy Turner!"
"tt0426592","6936","2024-01-17T00:40:16.000Z","Superhero Movie"
"tt0949731","4251","2024-01-16T19:15:38.000Z","The Happening"
"tt8629748","430404","2024-01-16T19:15:30.000Z","Spenser Confidential"
"tt4560436","225019","2024-01-16T19:15:13.000Z","Mile 22"
"tt0822854","3925","2024-01-16T19:15:05.000Z","Shooter"
"tt0822854","3925","2024-01-16T19:14:28.000Z","Shooter"
"tt16431870","827935","2024-01-16T19:14:07.000Z","The Family Plan"
"tt4846340","241112","2024-01-16T13:13:49.000Z","Hidden Figures"
"tt0203019","6991","2024-01-16T12:30:28.000Z","Men of Honor"
"tt6652708","300749","2024-01-16T11:18:31.000Z","God's Not Dead: A Light in Darkness"
"tt2357291","109615","2024-01-16T11:05:22.000Z","Rio 2"
"tt1436562","31645","2024-01-16T11:05:01.000Z","Rio"
"tt6654210","430545","2024-01-16T11:04:28.000Z","Infinite"
"tt0117008","5987","2024-01-16T11:03:26.000Z","Matilda"
"tt1071875","52591","2024-01-16T11:03:02.000Z","Ghost Rider: Spirit of Vengeance"
"tt0259324","866","2024-01-16T11:02:46.000Z","Ghost Rider"
"tt0462499","3952","2024-01-16T11:02:38.000Z","Rambo"
"tt0095956","909","2024-01-16T11:02:31.000Z","Rambo III"
"tt0089880","908","2024-01-16T11:02:23.000Z","Rambo: First Blood Part II"
"tt0083944","907","2024-01-16T11:02:15.000Z","First Blood"
"tt1206885","371013","2024-01-16T11:02:09.000Z","Rambo: Last Blood"
"tt0338348","3051","2024-01-16T11:01:45.000Z","The Polar Express"
"tt0382625","469","2024-01-16T11:01:28.000Z","The Da Vinci Code"
"tt3062096","129013","2024-01-16T11:01:17.000Z","Inferno"
"tt6048922","364601","2024-01-16T11:00:50.000Z","Greyhound"
"tt1428538","43151","2024-01-16T11:00:40.000Z","Hansel & Gretel: Witch Hunters"
"tt0983193","10752","2024-01-16T11:00:26.000Z","The Adventures of Tintin"
"tt4912910","222160","2024-01-16T10:58:12.000Z","Mission: Impossible - Fallout"
"tt2381249","112447","2024-01-16T10:58:05.000Z","Mission: Impossible - Rogue Nation"
"tt1229238","40108","2024-01-16T10:57:56.000Z","Mission: Impossible - Ghost Protocol"
"tt0317919","795","2024-01-16T10:57:49.000Z","Mission: Impossible III"
"tt0120755","794","2024-01-16T10:57:41.000Z","Mission: Impossible II"
"tt0117060","793","2024-01-16T10:57:34.000Z","Mission: Impossible"
"tt0400497","6539","2024-01-16T10:56:49.000Z","Herbie Fully Loaded"
"tt0120783","5076","2024-01-16T10:56:36.000Z","The Parent Trap"
"tt0397892","7609","2024-01-16T10:56:01.000Z","Bolt"
"tt8936646","396109","2024-01-16T10:55:29.000Z","Extraction"
"tt5884052","294039","2024-01-16T10:55:10.000Z","Pokémon Detective Pikachu"
"tt4701182","269568","2024-01-16T10:55:00.000Z","Bumblebee"
"tt1104001","12601","2024-01-16T10:54:52.000Z","TRON: Legacy"
"tt1979376","193972","2024-01-16T10:54:47.000Z","Toy Story 4"
"tt2267968","93870","2024-01-16T10:53:56.000Z","Kung Fu Panda 3"
"tt1302011","34439","2024-01-16T10:53:45.000Z","Kung Fu Panda 2"
"tt0441773","4783","2024-01-16T10:53:34.000Z","Kung Fu Panda"
"tt0458525","1430","2024-01-16T10:53:23.000Z","X-Men Origins: Wolverine"
"tt1430132","56230","2024-01-16T10:53:07.000Z","The Wolverine"
"tt0800080","1155","2024-01-16T10:52:41.000Z","The Incredible Hulk"
"tt0790724","55894","2024-01-16T10:52:26.000Z","Jack Reacher"
"tt3393786","222913","2024-01-16T10:52:20.000Z","Jack Reacher: Never Go Back"
"tt6565702","200946","2024-01-16T10:51:48.000Z","Dark Phoenix"
"tt3385516","149999","2024-01-16T10:50:32.000Z","X-Men: Apocalypse"
"tt1270798","34517","2024-01-16T10:50:18.000Z","X-Men: First Class"
"tt0376994","23308","2024-01-16T10:50:12.000Z","X-Men: The Last Stand"
"tt0290334","23300","2024-01-16T10:49:59.000Z","X2"
"tt0120903","23299","2024-01-16T10:49:48.000Z","X-Men"
"tt1667889","41309","2024-01-16T10:48:42.000Z","Ice Age: Continental Drift"
"tt1080016","4146","2024-01-16T10:48:32.000Z","Ice Age: Dawn of the Dinosaurs"
"tt0438097","790","2024-01-16T10:48:25.000Z","Ice Age: The Meltdown"
"tt0268380","337","2024-01-16T10:48:15.000Z","Ice Age"
"tt4123432","219418","2024-01-16T10:47:32.000Z","Fantastic Beasts: The Secrets of Dumbledore"
"tt4123430","219417","2024-01-16T10:47:28.000Z","Fantastic Beasts: The Crimes of Grindelwald"
"tt3183660","158661","2024-01-16T10:47:12.000Z","Fantastic Beasts and Where to Find Them"
"tt9224104","458953","2024-01-16T10:46:31.000Z","Meg 2: The Trench"
"tt0337921","5020","2024-01-16T10:41:44.000Z","Cellular"
"tt0465580","7921","2024-01-16T10:41:13.000Z","Push"
"tt1649418","567523","2024-01-16T10:41:03.000Z","The Gray Man"
"tt4481414","243968","2024-01-16T10:40:54.000Z","Gifted"
"tt0486576","1343","2024-01-16T10:40:40.000Z","Fantastic Four: Rise of the Silver Surfer"
"tt0120667","5004","2024-01-16T10:40:31.000Z","Fantastic Four"
"tt1706620","77887","2024-01-16T10:40:17.000Z","Snowpiercer"
"tt0092675","6763","2024-01-16T10:38:56.000Z","Bloodsport"
"tt0183649","1203","2024-01-16T10:38:41.000Z","Phone Booth"
"tt0808510","13958","2024-01-16T10:36:39.000Z","Tooth Fairy"
"tt0351977","6454","2024-01-16T10:36:33.000Z","Walking Tall"
"tt1075417","8227","2024-01-16T10:36:29.000Z","Race to Witch Mountain"
"tt0762125","10320","2024-01-16T10:36:19.000Z","Planet 51"
"tt1433108","27285","2024-01-16T10:36:11.000Z","Faster"
"tt0882977","90875","2024-01-16T10:36:03.000Z","Snitch"
"tt1397514","53284","2024-01-16T10:35:30.000Z","Journey 2: The Mysterious Island"
"tt0373051","66406","2024-01-16T10:35:19.000Z","Journey to the Center of the Earth"
"tt1583421","53296","2024-01-16T10:34:56.000Z","G.I. Joe: Retaliation"
"tt1046173","9010","2024-01-16T10:34:50.000Z","G.I. Joe: The Rise of Cobra"
"tt5758778","293862","2024-01-16T10:34:36.000Z","Skyscraper"
"tt2126355","154554","2024-01-16T10:34:13.000Z","San Andreas"
"tt6806448","299887","2024-01-16T10:34:10.000Z","Fast & Furious Presents: Hobbs & Shaw"
"tt1489889","222153","2024-01-16T10:33:37.000Z","Central Intelligence"
"tt0113497","4335","2024-01-16T10:33:09.000Z","Jumanji"
"tt2283362","222254","2024-01-16T10:33:01.000Z","Jumanji: Welcome to the Jungle"
"tt2294629","77349","2024-01-16T10:02:26.000Z","Frozen"
"tt5052474","256522","2024-01-16T10:02:03.000Z","Sicario: Day of the Soldado"
"tt3397884","171369","2024-01-16T10:01:51.000Z","Sicario"
"tt2463208","540557","2024-01-16T10:01:26.000Z","The Adam Project"
"tt0266543","8","2024-01-16T10:01:14.000Z","Finding Nemo"
"tt0413300","440","2024-01-16T10:01:00.000Z","Spider-Man 3"
"tt0316654","439","2024-01-16T10:00:55.000Z","Spider-Man 2"
"tt0145487","438","2024-01-16T10:00:48.000Z","Spider-Man"
"tt10648342","459282","2024-01-16T10:00:36.000Z","Thor: Love and Thunder"
"tt0439572","195144","2024-01-16T10:00:15.000Z","The Flash"
"tt0448115","184992","2024-01-16T09:59:51.000Z","Shazam!"
"tt0974015","94232","2024-01-16T09:59:24.000Z","Justice League"
"tt7126948","311212","2024-01-16T09:58:50.000Z","Wonder Woman 1984"
"tt1951266","89543","2024-01-16T09:58:22.000Z","The Hunger Games: Mockingjay - Part 2"
"tt1951265","89542","2024-01-16T09:58:16.000Z","The Hunger Games: Mockingjay - Part 1"
"tt1951264","72719","2024-01-16T09:58:05.000Z","The Hunger Games: Catching Fire"
"tt1392170","51342","2024-01-16T09:57:53.000Z","The Hunger Games"
"tt0107614","631","2024-01-16T02:57:30.000Z","Mrs. Doubtfire"
"tt0356910","630","2024-01-16T02:57:00.000Z","Mr. & Mrs. Smith"
"tt1636826","40847","2024-01-16T02:54:29.000Z","Project X"
"tt4873118","706755","2024-01-16T02:43:30.000Z","Guy Ritchie's The Covenant"
"tt2713180","139432","2024-01-16T02:40:48.000Z","Fury"
"tt8178634","429396","2024-01-16T00:25:20.000Z","RRR"
"tt0097647","5678","2024-01-15T09:43:02.000Z","The Karate Kid Part III"
"tt0091326","4346","2024-01-15T09:42:53.000Z","The Karate Kid Part II"
"tt0087538","1261","2024-01-15T09:42:46.000Z","The Karate Kid"
"tt1155076","24931","2024-01-15T09:42:36.000Z","The Karate Kid"
"tt9603212","425809","2024-01-15T09:35:14.000Z","Mission: Impossible - Dead Reckoning Part One"
"tt1464174","24734","2024-01-15T09:33:40.000Z","Big Mommas: Like Father, Like Son"
"tt0421729","6645","2024-01-15T09:33:11.000Z","Big Momma's House 2"
"tt0208003","4876","2024-01-15T09:33:02.000Z","Big Momma's House"
"tt2245084","112404","2024-01-15T09:30:19.000Z","Big Hero 6"
"tt0142342","4485","2024-01-15T09:29:33.000Z","Big Daddy"
"tt0109254","257","2024-01-15T09:27:56.000Z","Beverly Hills Cop III"
"tt0092644","65","2024-01-15T09:27:50.000Z","Beverly Hills Cop II"
"tt0086960","59","2024-01-15T09:27:41.000Z","Beverly Hills Cop"
"tt1327701","15511","2024-01-15T09:26:45.000Z","Ben 10 Alien Swarm"
"tt0103786","6830","2024-01-15T09:24:55.000Z","Beethoven"
"tt0389790","3144","2024-01-15T09:24:20.000Z","Bee Movie"
"tt0960731","5415","2024-01-15T09:23:37.000Z","Bedtime Stories"
"tt1217613","30573","2024-01-15T09:22:03.000Z","Battle: Los Angeles"
"tt2975590","129583","2024-01-15T09:19:54.000Z","Batman v Superman: Dawn of Justice"
"tt0103776","300","2024-01-15T09:18:51.000Z","Batman Returns"
"tt0414853","5141","2024-01-15T09:18:13.000Z","Barnyard"
"tt1731701","150911","2024-01-15T09:16:55.000Z","Barely Lethal"
"tt2395427","71938","2024-01-15T09:12:28.000Z","Avengers: Age of Ultron"
"tt0398712","4444","2024-01-15T09:10:51.000Z","Assault on Precinct 13"
"tt2094766","84393","2024-01-15T09:10:07.000Z","Assassin's Creed"
"tt0344854","5218","2024-01-15T09:08:37.000Z","Arthur and the Invisibles"
"tt0913354","2709","2024-01-15T09:05:32.000Z","Armored"
"tt0368578","6713","2024-01-15T09:04:40.000Z","Are We There Yet?"
"tt0422774","5388","2024-01-15T09:04:21.000Z","Are We Done Yet?"
"tt5095030","223262","2024-01-15T09:02:42.000Z","Ant-Man and the Wasp"
"tt0478970","73582","2024-01-15T09:01:41.000Z","Ant-Man"
"tt0808151","7917","2024-01-15T09:00:26.000Z","Angels & Demons"
"tt6189022","268664","2024-01-15T08:59:35.000Z","Angel Has Fallen"
"tt0118615","4652","2024-01-15T08:58:55.000Z","Anaconda"
"tt2179136","119348","2024-01-15T08:57:33.000Z","American Sniper"
"tt2974918","158021","2024-01-15T08:55:31.000Z","Alvin and the Chipmunks: The Road Chip"
"tt1615918","39297","2024-01-15T08:55:23.000Z","Alvin and the Chipmunks: Chipwrecked"
"tt1231580","14131","2024-01-15T08:55:14.000Z","Alvin and the Chipmunks: The Squeakquel"
"tt0952640","3640","2024-01-15T08:55:01.000Z","Alvin and the Chipmunks"
"tt7160070","240475","2024-01-15T08:53:49.000Z","Along with the Gods: The Two Worlds"
"tt1712170","69207","2024-01-15T08:50:03.000Z","Alex Cross"
"tt1815862","61872","2024-01-15T08:48:45.000Z","After Earth"
"tt0109040","2026","2024-01-15T08:47:36.000Z","Ace Ventura: Pet Detective"
"tt1228705","5355","2024-01-15T08:44:16.000Z","Iron Man 2"
"tt1300854","50134","2024-01-15T08:43:49.000Z","Iron Man 3"
"tt7405458","751967","2024-01-15T08:43:13.000Z","A Man Called Otto"
"tt0271383","26240","2024-01-15T08:42:00.000Z","A Dog's Will"
"tt0120623","4771","2024-01-15T08:41:31.000Z","A Bug's Life"
"tt0443424","71414","2024-01-15T08:40:52.000Z","9"
"tt6436726","357152","2024-01-15T08:40:35.000Z","7500"
"tt8106534","357288","2024-01-15T08:39:54.000Z","6 Underground"
"tt0343660","1206","2024-01-15T08:39:31.000Z","50 First Dates"
"tt1486193","35399","2024-01-15T08:39:08.000Z","5 Days of War"
"tt1440129","30479","2024-01-15T08:37:37.000Z","Battleship"
"tt3171832","259326","2024-01-15T08:33:35.000Z","iBoy"
"tt3371366","216718","2024-01-15T08:32:53.000Z","Transformers: The Last Knight"
"tt2109248","67751","2024-01-15T08:32:46.000Z","Transformers: Age of Extinction"
"tt1399103","24763","2024-01-15T08:32:34.000Z","Transformers: Dark of the Moon"
"tt1055369","4158","2024-01-15T08:32:21.000Z","Transformers: Revenge of the Fallen"
"tt0418279","1237","2024-01-15T08:31:56.000Z","Transformers"
"tt3095734","161730","2024-01-15T08:31:37.000Z","Monster Trucks"
"tt3717490","194894","2024-01-15T08:31:10.000Z","Power Rangers"
"tt10886166","498201","2024-01-15T08:30:18.000Z","365 Days"
"tt1131724","167962","2024-01-15T08:29:37.000Z","2:22"
"tt4976192","347685","2024-01-15T08:26:47.000Z","211"
"tt1232829","46734","2024-01-15T08:26:04.000Z","21 Jump Street"
"tt8688634","387139","2024-01-15T08:24:20.000Z","21 Bridges"
"tt0450232","1542","2024-01-15T08:22:29.000Z","16 Blocks"
"tt1413492","273322","2024-01-15T08:21:40.000Z","12 Strong"
"tt0115433","6748","2024-01-15T08:20:06.000Z","101 Dalmatians"
"tt1133985","30549","2024-01-15T06:29:18.000Z","Green Lantern"
"tt2557478","167163","2024-01-15T06:28:53.000Z","Pacific Rim: Uprising"
"tt1663662","50139","2024-01-15T06:28:47.000Z","Pacific Rim"
"tt0455944","101542","2024-01-15T06:27:34.000Z","The Equalizer"
"tt3766354","225136","2024-01-15T06:27:27.000Z","The Equalizer 2"
"tt17024450","742254","2024-01-15T06:27:20.000Z","The Equalizer 3"
"tt0425112","2724","2024-01-15T06:27:04.000Z","Hot Fuzz"
"tt0198781","464","2024-01-15T06:26:50.000Z","Monsters, Inc."
"tt3606752","159627","2024-01-15T06:26:15.000Z","Cars 3"
"tt1216475","34064","2024-01-15T06:26:03.000Z","Cars 2"
"tt0317219","762","2024-01-15T06:25:55.000Z","Cars"
"tt0114709","705","2024-01-15T06:25:43.000Z","Toy Story"
"tt0120363","706","2024-01-15T06:25:33.000Z","Toy Story 2"
"tt0317705","5065","2024-01-15T06:25:16.000Z","The Incredibles"
"tt0892791","5406","2024-01-15T06:24:52.000Z","Shrek Forever After"
"tt0413267","653","2024-01-15T06:24:40.000Z","Shrek the Third"
"tt0298148","652","2024-01-15T06:24:31.000Z","Shrek 2"
"tt0126029","651","2024-01-15T06:24:18.000Z","Shrek"
"tt6443346","288212","2024-01-15T06:23:42.000Z","Black Adam"
"tt0870154","297576","2024-01-15T06:22:58.000Z","Jungle Cruise"
"tt1270797","216715","2024-01-15T06:21:18.000Z","Venom"
"tt7097896","429764","2024-01-15T06:21:06.000Z","Venom: Let There Be Carnage"
"tt0382932","1416","2024-01-15T06:20:53.000Z","Ratatouille"
"tt2119532","212307","2024-01-15T06:20:42.000Z","Hacksaw Ridge"
"tt0120338","475","2024-01-15T06:20:21.000Z","Titanic"
"tt0372784","228","2024-01-15T06:19:04.000Z","Batman Begins"
"tt1345836","34073","2024-01-15T06:18:56.000Z","The Dark Knight Rises"
"tt5463162","226108","2024-01-15T06:05:01.000Z","Deadpool 2"
"tt6320628","273537","2024-01-15T06:03:59.000Z","Spider-Man: Far From Home"
"tt0367882","176","2024-01-15T06:03:35.000Z","Indiana Jones and the Kingdom of the Crystal Skull"
"tt0097576","58","2024-01-15T06:03:27.000Z","Indiana Jones and the Last Crusade"
"tt1646971","61873","2024-01-15T06:01:59.000Z","How to Train Your Dragon 2"
"tt0892769","5405","2024-01-15T06:01:33.000Z","How to Train Your Dragon"
"tt0110357","4242","2024-01-15T06:01:11.000Z","The Lion King"
"tt0448694","41789","2024-01-15T06:01:00.000Z","Puss in Boots"
"tt4649466","223444","2024-01-15T05:57:09.000Z","Kingsman: The Golden Circle"
"tt2802144","128888","2024-01-15T05:56:57.000Z","Kingsman: The Secret Service"
"tt0119303","4985","2024-01-15T05:56:26.000Z","Home Alone 3"
"tt0104431","615","2024-01-15T05:56:07.000Z","Home Alone 2: Lost in New York"
"tt0099785","614","2024-01-15T05:55:56.000Z","Home Alone"
"tt0458339","1170","2024-01-15T05:55:13.000Z","Captain America: The First Avenger"
"tt1843866","72297","2024-01-15T05:55:07.000Z","Captain America: The Winter Soldier"
"tt1790809","106667","2024-01-15T05:54:43.000Z","Pirates of the Caribbean: Dead Men Tell No Tales"
"tt1298650","1244","2024-01-15T05:54:37.000Z","Pirates of the Caribbean: On Stranger Tides"
"tt0449088","239","2024-01-15T05:54:30.000Z","Pirates of the Caribbean: At World's End"
"tt0383574","31","2024-01-15T05:54:18.000Z","Pirates of the Caribbean: Dead Man's Chest"
"tt0325980","18","2024-01-15T05:54:09.000Z","Pirates of the Caribbean: The Curse of the Black Pearl"
"tt9419884","299910","2024-01-15T05:53:28.000Z","Doctor Strange in the Multiverse of Madness"
"tt9032400","372798","2024-01-15T05:53:17.000Z","Eternals"
"tt0120815","700","2024-01-15T05:52:58.000Z","Saving Private Ryan"
"tt2084970","127828","2024-01-15T05:52:47.000Z","The Imitation Game"
"tt11083552","476569","2024-01-15T05:52:18.000Z","Wrath of Man"
"tt1677720","214279","2024-01-15T05:52:12.000Z","Ready Player One"
"tt6450804","187745","2024-01-15T05:51:53.000Z","Terminator: Dark Fate"
"tt1340138","65508","2024-01-15T05:51:39.000Z","Terminator Genisys"
"tt0438488","417","2024-01-15T05:51:18.000Z","Terminator Salvation"
"tt0181852","249","2024-01-15T05:51:05.000Z","Terminator 3: Rise of the Machines"
"tt0088247","177","2024-01-15T05:50:43.000Z","The Terminator"
"tt0103064","236","2024-01-15T05:50:29.000Z","Terminator 2: Judgment Day"
"tt0120689","390","2024-01-15T05:50:19.000Z","The Green Mile"
"tt3890160","219867","2024-01-15T05:49:54.000Z","Baby Driver"
"tt4881806","222216","2024-01-15T05:49:03.000Z","Jurassic World: Fallen Kingdom"
"tt0369610","91374","2024-01-15T05:48:55.000Z","Jurassic World"
"tt0163025","278","2024-01-15T05:48:42.000Z","Jurassic Park III"
"tt0119567","277","2024-01-15T05:48:32.000Z","The Lost World: Jurassic Park"
"tt0107290","276","2024-01-15T05:48:14.000Z","Jurassic Park"
"tt8579674","382862","2024-01-15T05:48:02.000Z","1917"
"tt1631867","92230","2024-01-15T05:47:42.000Z","Edge of Tomorrow"
"tt4154664","193963","2024-01-15T05:44:18.000Z","Captain Marvel"
"tt0330793","3843","2024-01-15T05:43:09.000Z","The Punisher"
"tt2280378","83694","2024-01-15T05:42:53.000Z","The Punisher: Dirty Laundry"
"tt1293847","33214","2024-01-15T05:40:08.000Z","xXx: Return of Xander Cage"
"tt0329774","6753","2024-01-15T05:39:46.000Z","xXx: State of the Union"
"tt0295701","3912","2024-01-15T05:39:22.000Z","xXx"
"tt1502397","25039","2024-01-15T05:33:59.000Z","Bad Boys for Life"
"tt1854564","56319","2024-01-15T05:30:18.000Z","Percy Jackson: Sea of Monsters"
"tt0814255","20979","2024-01-15T05:30:12.000Z","Percy Jackson & the Olympians: The Lightning Thief"
"tt0319262","346","2024-01-15T05:24:15.000Z","The Day After Tomorrow"
"tt2436386","139232","2024-01-15T05:24:14.000Z","Project Almanac"
"tt4172430","219869","2024-01-15T05:22:11.000Z","13 Hours: The Secret Soldiers of Benghazi"
"tt9777666","435403","2024-01-15T05:21:39.000Z","The Tomorrow War"
"tt0367594","87","2024-01-15T05:21:32.000Z","Charlie and the Chocolate Factory"
"tt1190080","8477","2024-01-15T05:21:27.000Z","2012"
"tt1201607","7229","2024-01-15T05:20:25.000Z","Harry Potter and the Deathly Hallows: Part 2"
"tt0926084","7228","2024-01-15T05:20:15.000Z","Harry Potter and the Deathly Hallows: Part 1"
"tt0417741","610","2024-01-15T05:19:58.000Z","Harry Potter and the Half-Blood Prince"
"tt0373889","549","2024-01-15T05:19:44.000Z","Harry Potter and the Order of the Phoenix"
"tt0330373","548","2024-01-15T05:19:35.000Z","Harry Potter and the Goblet of Fire"
"tt0304141","547","2024-01-15T05:19:26.000Z","Harry Potter and the Prisoner of Azkaban"
"tt0295297","546","2024-01-15T05:19:12.000Z","Harry Potter and the Chamber of Secrets"
"tt0241527","545","2024-01-15T05:18:56.000Z","Harry Potter and the Philosopher's Stone"
"tt0910970","5853","2024-01-15T05:18:45.000Z","WALL·E"
"tt3480822","344686","2024-01-15T05:18:38.000Z","Black Widow"
"tt9376612","416151","2024-01-15T05:18:07.000Z","Shang-Chi and the Legend of the Ten Rings"
"tt12361974","627088","2024-01-15T05:17:51.000Z","Zack Snyder's Justice League"
"tt0099088","159","2024-01-15T05:16:49.000Z","Back to the Future Part III"
"tt0096874","130","2024-01-15T05:16:36.000Z","Back to the Future Part II"
"tt0088763","74","2024-01-15T05:16:24.000Z","Back to the Future"
"tt6264654","400704","2024-01-15T05:15:49.000Z","Free Guy"
"tt0480249","3642","2024-01-15T05:12:45.000Z","I Am Legend"
"tt1825683","181313","2024-01-15T05:07:12.000Z","Black Panther"
"tt2106651","205221","2024-01-15T05:06:27.000Z","Spectral"
"tt4712810","292275","2024-01-15T05:05:37.000Z","Now You See Me 3"
"tt3110958","188631","2024-01-15T05:05:32.000Z","Now You See Me 2"
"tt1670345","55786","2024-01-15T05:05:25.000Z","Now You See Me"
"tt1555149","33177","2024-01-15T05:04:49.000Z","Elite Squad: The Enemy Within"
"tt0861739","3896","2024-01-15T05:04:40.000Z","Elite Squad"
"tt0242653","483","2024-01-15T05:03:29.000Z","The Matrix Revolutions"
"tt0234215","482","2024-01-15T05:03:20.000Z","The Matrix Reloaded"
"tt2528814","151509","2024-01-15T05:01:41.000Z","God's Not Dead"
"tt4824308","230113","2024-01-15T05:01:31.000Z","God's Not Dead 2"
"tt10366206","448646","2024-01-15T05:00:06.000Z","John Wick: Chapter 4"
"tt6146586","304278","2024-01-15T04:59:56.000Z","John Wick: Chapter 3 - Parabellum"
"tt4425200","205127","2024-01-15T04:57:47.000Z","John Wick: Chapter 2"
"tt1950186","324762","2024-01-15T04:56:10.000Z","Ford v Ferrari"
"tt1136608","10803","2024-01-15T04:55:19.000Z","District 9"
"tt5034838","242869","2024-01-15T04:53:45.000Z","Godzilla vs. Kong"
"tt1823672","123707","2024-01-15T04:53:10.000Z","Chappie"
"tt7888964","458837","2024-01-15T04:52:48.000Z","Nobody"
"tt5433140","234190","2024-01-15T04:50:44.000Z","Fast X"
"tt5433138","226253","2024-01-15T04:50:32.000Z","F9"
"tt4630562","217936","2024-01-15T04:50:19.000Z","The Fate of the Furious"
"tt1905041","62123","2024-01-15T04:50:03.000Z","Fast & Furious 6"
"tt1596343","36131","2024-01-15T04:49:51.000Z","Fast Five"
"tt1013752","8202","2024-01-15T04:49:22.000Z","Fast & Furious"
"tt0337978","1028","2024-01-15T04:48:01.000Z","Live Free or Die Hard"
"tt0099423","1030","2024-01-15T04:47:06.000Z","Die Hard 2"
"tt0095016","443","2024-01-15T04:46:23.000Z","Die Hard"
"tt0112864","1029","2024-01-15T04:46:13.000Z","Die Hard: With a Vengeance"
"tt1606378","33210","2024-01-15T04:45:58.000Z","A Good Day to Die Hard"
"tt3291150","439496","2024-01-15T04:44:51.000Z","Expend4bles"
"tt1764651","56223","2024-01-15T04:44:24.000Z","The Expendables 2"
"tt1320253","16982","2024-01-15T04:43:58.000Z","The Expendables"
"tt1764651","56223","2024-01-15T04:43:47.000Z","The Expendables 2"
"tt10456740","549825","2024-01-15T04:41:39.000Z","Lost Bullet"
"tt14465706","762047","2024-01-15T04:41:05.000Z","Lost Bullet 2"
"tt6334354","283364","2024-01-15T04:33:08.000Z","The Suicide Squad"
"tt1234719","43517","2024-01-15T04:31:15.000Z","Red Dawn"
"tt0499448","1721","2024-01-15T04:31:14.000Z","The Chronicles of Narnia: Prince Caspian"
"tt0980970","5357","2024-01-15T04:31:13.000Z","The Chronicles of Narnia: The Voyage of the Dawn Treader"
"tt0172156","4429","2024-01-15T04:31:11.000Z","Bad Boys II"
"tt0363771","329","2024-01-15T04:31:10.000Z","The Chronicles of Narnia: The Lion, the Witch and the Wardrobe"
"tt4154796","191798","2024-01-15T04:31:09.000Z","Avengers: Endgame"
"tt10872600","474180","2024-01-15T04:31:08.000Z","Spider-Man: No Way Home"
"tt0463985","4891","2024-01-15T04:31:07.000Z","The Fast and the Furious: Tokyo Drift"
"tt3501632","181312","2024-01-15T04:31:06.000Z","Thor: Ragnarok"
"tt2250912","196213","2024-01-15T04:31:03.000Z","Spider-Man: Homecoming"
"tt2911666","149640","2024-01-15T04:31:02.000Z","John Wick"
"tt1386697","193079","2024-01-15T04:31:00.000Z","Suicide Squad"
"tt0371746","1157","2024-01-15T04:30:54.000Z","Iron Man"
"tt2543164","210803","2024-01-15T04:30:52.000Z","Arrival"
"tt0451279","192487","2024-01-15T04:30:50.000Z","Wonder Woman"
"tt3498820","169105","2024-01-15T04:30:49.000Z","Captain America: Civil War"
"tt3896198","181256","2024-01-15T04:30:47.000Z","Guardians of the Galaxy Vol. 2"
"tt4154756","191797","2024-01-15T04:30:46.000Z","Avengers: Infinity War"
"tt0499549","12269","2024-01-15T04:30:45.000Z","Avatar"
"tt3315342","161972","2024-01-15T04:30:44.000Z","Logan"
"tt0133093","481","2024-01-15T04:30:42.000Z","The Matrix"
"tt1211837","181311","2024-01-15T04:30:41.000Z","Doctor Strange"
"tt0848228","14701","2024-01-15T04:30:39.000Z","The Avengers"
"tt1375666","16662","2024-01-15T04:30:38.000Z","Inception"
"tt0468569","120","2024-01-15T04:30:24.000Z","The Dark Knight"
"tt2015381","82405","2024-01-15T04:30:22.000Z","Guardians of the Galaxy"
"tt1431045","190430","2024-01-15T04:30:19.000Z","Deadpool"
"tt0322259","463","2024-01-15T04:22:07.000Z","2 Fast 2 Furious"
"tt0232500","5058","2024-01-15T04:22:05.000Z","The Fast and the Furious"
"tt2820852","107556","2024-01-15T04:22:03.000Z","Furious 7"
"tt0112442","5003","2024-01-15T04:21:36.000Z","Bad Boys"
"tt1745960","297485","2024-01-15T04:21:32.000Z","Top Gun: Maverick"
"tt7286456","322988","2024-01-15T04:21:29.000Z","Joker"
"tt0816692","102156","2024-01-15T04:21:28.000Z","Interstellar"
"tt2126235","122105","2024-01-09T03:34:00.000Z","Collide"
"tt10545296","539738","2023-11-18T01:00:00.000Z","The Hunger Games: The Ballad of Songbirds & Snakes"
"tt15671028","708921","2023-06-24T01:00:00.000Z","No Hard Feelings"
